time_utc_iso,twl_ft_mllw,tide_ft_mllw,surge_ft,src_time
2026-03-05T06:00:00.000Z,1.928,1.56,0.2,202603050600
2026-03-05T07:00:00.000Z,0.708,0.305,0.2,202603050700
2026-03-05T08:00:00.000Z,0.098,-0.369,0.2,202603050800
2026-03-05T09:00:00.000Z,0.409,-0.327,0.2,202603050900
2026-03-05T10:00:00.000Z,1.039,0.305,0.2,202603051000
2026-03-05T11:00:00.000Z,2.04,1.395,0.2,202603051100
2026-03-05T12:00:00.000Z,3.319,2.748,0.2,202603051200
2026-03-05T13:00:00.000Z,4.569,4.019,0.2,202603051300
2026-03-05T14:00:00.000Z,5.359,4.859,0.3,202603051400
2026-03-05T15:00:00.000Z,5.428,5.022,0.3,202603051500
2026-03-05T16:00:00.000Z,4.739,4.459,0.2,202603051600
2026-03-05T17:00:00.000Z,3.768,3.366,0.2,202603051700
2026-03-05T18:00:00.000Z,2.578,2.028,0.2,202603051800
2026-03-05T19:00:00.000Z,1.43,0.743,0.2,202603051900
2026-03-05T20:00:00.000Z,0.508,-0.106,0.2,202603052000
2026-03-05T21:00:00.000Z,0.518,-0.274,0.2,202603052100
2026-03-05T22:00:00.000Z,1.059,0.174,0.3,202603052200
2026-03-05T23:00:00.000Z,1.99,1.098,0.3,202603052300
2026-03-06T00:00:00.000Z,3.945,2.359,0.3,202603060000
2026-03-06T01:00:00.000Z,4.569,3.679,0.3,202603060100
2026-03-06T02:00:00.000Z,5.53,4.695,0.4,202603060200
2026-03-06T03:00:00.000Z,5.907,5.114,0.4,202603060300
2026-03-06T04:00:00.000Z,5.549,4.799,0.4,202603060400
2026-03-06T05:00:00.000Z,4.759,3.859,0.5,202603060500
2026-03-06T06:00:00.000Z,3.319,2.574,0.5,202603060600
2026-03-06T07:00:00.000Z,2.069,1.233,0.5,202603060700
2026-03-06T08:00:00.000Z,1.138,0.181,0.5,202603060800
2026-03-06T09:00:00.000Z,0.8,-0.246,0.6,202603060900
2026-03-06T10:00:00.000Z,1.239,-0.009,0.6,202603061000
2026-03-06T11:00:00.000Z,1.948,0.73,0.6,202603061100
2026-03-06T12:00:00.000Z,2.988,1.833,0.7,202603061200
2026-03-06T13:00:00.000Z,4.159,3.085,0.7,202603061300
2026-03-06T14:00:00.000Z,5.149,4.144,0.7,202603061400
2026-03-06T15:00:00.000Z,5.73,4.709,0.8,202603061500
2026-03-06T16:00:00.000Z,5.648,4.604,0.8,202603061600
2026-03-06T17:00:00.000Z,4.949,3.866,0.8,202603061700
2026-03-06T18:00:00.000Z,3.958,2.744,0.9,202603061800
2026-03-06T19:00:00.000Z,2.85,1.517,0.9,202603061900
2026-03-06T20:00:00.000Z,1.8,0.46,0.9,202603062000
2026-03-06T21:00:00.000Z,1.239,-0.091,0.9,202603062100
2026-03-06T22:00:00.000Z,1.43,0.014,0.9,202603062200
2026-03-06T23:00:00.000Z,1.981,0.654,1,202603062300
2026-03-07T00:00:00.000Z,3.627,1.67,0.9,202603070000
2026-03-07T01:00:00.000Z,4.178,2.91,0.9,202603070100
2026-03-07T02:00:00.000Z,5.257,4.078,0.9,202603070200
2026-03-07T03:00:00.000Z,5.989,4.845,0.9,202603070300
2026-03-07T04:00:00.000Z,5.999,4.987,0.9,202603070400
2026-03-07T05:00:00.000Z,5.438,4.45,0.9,202603070500
2026-03-07T06:00:00.000Z,4.319,3.419,0.8,202603070600
2026-03-07T07:00:00.000Z,3.158,2.186,0.8,202603070700
2026-03-07T08:00:00.000Z,2.089,1.006,0.8,202603070800
2026-03-07T09:00:00.000Z,1.249,0.192,0.7,202603070900
2026-03-07T10:00:00.000Z,1.069,-0.003,0.7,202603071000
2026-03-07T11:00:00.000Z,1.459,0.382,0.7,202603071100
2026-03-07T12:00:00.000Z,2.21,1.169,0.7,202603071200
2026-03-07T13:00:00.000Z,3.197,2.22,0.7,202603071300
2026-03-07T14:00:00.000Z,4.237,3.311,0.7,202603071400
2026-03-07T15:00:00.000Z,4.979,4.126,0.6,202603071500
2026-03-07T16:00:00.000Z,5.218,4.423,0.6,202603071600
2026-03-07T17:00:00.000Z,4.808,4.102,0.6,202603071700
2026-03-07T18:00:00.000Z,4.027,3.275,0.6,202603071800
2026-03-07T19:00:00.000Z,2.958,2.214,0.6,202603071900
2026-03-07T20:00:00.000Z,1.948,1.162,0.6,202603072000
2026-03-07T21:00:00.000Z,1.118,0.361,0.6,202603072100
2026-03-07T22:00:00.000Z,0.97,0.087,0.6,202603072200
2026-03-07T23:00:00.000Z,1.479,0.411,0.6,202603072300
2026-03-08T00:00:00.000Z,2.666,1.166,0.6,202603080000
2026-03-08T01:00:00.000Z,3.178,2.2,0.6,202603080100
2026-03-08T02:00:00.000Z,4.237,3.346,0.6,202603080200
2026-03-08T03:00:00.000Z,5.198,4.314,0.6,202603080300
2026-03-08T04:00:00.000Z,5.589,4.826,0.5,202603080400
2026-03-08T05:00:00.000Z,5.428,4.729,0.5,202603080500
2026-03-08T06:00:00.000Z,4.618,4.048,0.4,202603080600
2026-03-08T07:00:00.000Z,3.519,3.015,0.3,202603080700
2026-03-08T08:00:00.000Z,2.4,1.897,0.2,202603080800
2026-03-08T09:00:00.000Z,1.371,0.909,0.2,202603080900
2026-03-08T10:00:00.000Z,0.829,0.32,0.1,202603081000
2026-03-08T11:00:00.000Z,0.76,0.309,0.1,202603081100
2026-03-08T12:00:00.000Z,1.279,0.778,0.2,202603081200
2026-03-08T13:00:00.000Z,1.958,1.551,0.1,202603081300
2026-03-08T14:00:00.000Z,2.758,2.5,0.1,202603081400
2026-03-08T15:00:00.000Z,3.548,3.402,0.1,202603081500
2026-03-08T16:00:00.000Z,4.099,3.979,0,202603081600
2026-03-08T17:00:00.000Z,4.237,4.056,0,202603081700
2026-03-08T18:00:00.000Z,3.778,3.601,0,202603081800
2026-03-08T19:00:00.000Z,3.03,2.774,0,202603081900
2026-03-08T20:00:00.000Z,2.109,1.837,0,202603082000
2026-03-08T21:00:00.000Z,1.279,0.983,0,202603082100
2026-03-08T22:00:00.000Z,0.79,0.417,0,202603082200
2026-03-08T23:00:00.000Z,0.859,0.366,0,202603082300
2026-03-09T00:00:00.000Z,1.646,0.83,0,202603090000
2026-03-09T01:00:00.000Z,2.079,1.626,0,202603090100
2026-03-09T02:00:00.000Z,3.099,2.615,0,202603090200
2026-03-09T03:00:00.000Z,4.109,3.627,0,202603090300
2026-03-09T04:00:00.000Z,4.919,4.391,0,202603090400
2026-03-09T05:00:00.000Z,5.097,4.685,0,202603090500
2026-03-09T06:00:00.000Z,4.667,4.422,0,202603090600
2026-03-09T07:00:00.000Z,3.899,3.684,0,202603090700
2026-03-09T08:00:00.000Z,2.978,2.717,0,202603090800
2026-03-09T09:00:00.000Z,1.99,1.742,0.1,202603090900
2026-03-09T10:00:00.000Z,1.21,0.932,0.1,202603091000
2026-03-09T11:00:00.000Z,0.76,0.522,0.1,202603091100
2026-03-09T12:00:00.000Z,0.908,0.628,0.1,202603091200
2026-03-09T13:00:00.000Z,1.39,1.116,0.1,202603091300
2026-03-09T14:00:00.000Z,2.191,1.828,0.1,202603091400
2026-03-09T15:00:00.000Z,3.007,2.649,0.1,202603091500
2026-03-09T16:00:00.000Z,3.689,3.368,0.1,202603091600
2026-03-09T17:00:00.000Z,4.109,3.754,0.1,202603091700
2026-03-09T18:00:00.000Z,4.017,3.687,0.2,202603091800
2026-03-09T19:00:00.000Z,3.548,3.183,0.2,202603091900
2026-03-09T20:00:00.000Z,2.699,2.421,0.2,202603092000
2026-03-09T21:00:00.000Z,2,1.63,0.2,202603092100
2026-03-09T22:00:00.000Z,1.361,0.95,0.3,202603092200
2026-03-09T23:00:00.000Z,1.151,0.566,0.3,202603092300
2026-03-10T00:00:00.000Z,1.528,0.662,0.3,202603100000
2026-03-10T01:00:00.000Z,1.869,1.191,0.3,202603100100
2026-03-10T02:00:00.000Z,2.578,1.97,0.3,202603100200
2026-03-10T03:00:00.000Z,3.509,2.879,0.3,202603100300
2026-03-10T04:00:00.000Z,4.447,3.755,0.3,202603100400
2026-03-10T05:00:00.000Z,5.057,4.351,0.2,202603100500
2026-03-10T06:00:00.000Z,5.139,4.498,0.2,202603100600
2026-03-10T07:00:00.000Z,4.657,4.152,0.2,202603100700
2026-03-10T08:00:00.000Z,3.88,3.428,0.2,202603100800
2026-03-10T09:00:00.000Z,3.168,2.557,0.2,202603100900
2026-03-10T10:00:00.000Z,2.309,1.711,0.2,202603101000
2026-03-10T11:00:00.000Z,1.649,1.033,0.2,202603101100
2026-03-10T12:00:00.000Z,1.346,0.737,0.2,202603101200
2026-03-10T13:00:00.000Z,1.495,0.893,0.2,202603101300
2026-03-10T14:00:00.000Z,1.945,1.35,0.2,202603101400
2026-03-10T15:00:00.000Z,2.566,1.978,0.2,202603101500
2026-03-10T16:00:00.000Z,3.26,2.679,0.2,202603101600
2026-03-10T17:00:00.000Z,3.831,3.256,0.2,202603101700
2026-03-10T18:00:00.000Z,4.089,3.521,0.2,202603101800
2026-03-10T19:00:00.000Z,3.952,3.391,0.2,202603101900
2026-03-10T20:00:00.000Z,3.455,2.901,0.2,202603102000
2026-03-10T21:00:00.000Z,2.778,2.231,0.2,202603102100
2026-03-10T22:00:00.000Z,2.103,1.563,0.2,202603102200
2026-03-10T23:00:00.000Z,1.536,1.003,0.2,202603102300
2026-03-11T00:00:00.000Z,1.263,0.73,0.2,202603110000
2026-03-11T01:00:00.000Z,1.434,0.901,0.2,202603110100
2026-03-11T02:00:00.000Z,1.968,1.435,0.2,202603110200
2026-03-11T03:00:00.000Z,2.598,2.165,0.1,202603110300
2026-03-11T04:00:00.000Z,3.432,2.999,0.1,202603110400
2026-03-11T05:00:00.000Z,4.206,3.773,0.1,202603110500
2026-03-11T06:00:00.000Z,4.7,4.267,0.1,202603110600
2026-03-11T07:00:00.000Z,4.778,4.345,0.1,202603110700
2026-03-11T08:00:00.000Z,4.418,3.985,0.1,202603110800
2026-03-11T09:00:00.000Z,3.743,3.31,0.1,202603110900
2026-03-11T10:00:00.000Z,2.958,2.525,0.1,202603111000
2026-03-11T11:00:00.000Z,2.191,1.758,0.1,202603111100
2026-03-11T12:00:00.000Z,1.582,1.149,0.1,202603111200
2026-03-11T13:00:00.000Z,1.337,0.904,0.1,202603111300
2026-03-11T14:00:00.000Z,1.59,1.057,0.2,202603111400
2026-03-11T15:00:00.000Z,1.991,1.458,0.2,202603111500
2026-03-11T16:00:00.000Z,2.545,2.012,0.2,202603111600
2026-03-11T17:00:00.000Z,3.167,2.634,0.2,202603111700
2026-03-11T18:00:00.000Z,3.669,3.136,0.2,202603111800
2026-03-11T19:00:00.000Z,3.889,3.356,0.2,202603111900
2026-03-11T20:00:00.000Z,3.855,3.222,0.3,202603112000
2026-03-11T21:00:00.000Z,3.408,2.775,0.3,202603112100
2026-03-11T22:00:00.000Z,2.813,2.18,0.3,202603112200
2026-03-11T23:00:00.000Z,2.213,1.58,0.3,202603112300
2026-03-12T00:00:00.000Z,1.702,1.069,0.3,202603120000
2026-03-12T01:00:00.000Z,1.473,0.84,0.3,202603120100
2026-03-12T02:00:00.000Z,1.562,1.029,0.2,202603120200
2026-03-12T03:00:00.000Z,2.069,1.536,0.2,202603120300
2026-03-12T04:00:00.000Z,2.658,2.225,0.1,202603120400
2026-03-12T05:00:00.000Z,3.451,3.018,0.1,202603120500
2026-03-12T06:00:00.000Z,4.184,3.751,0.1,202603120600
2026-03-12T07:00:00.000Z,4.549,4.216,0,202603120700
2026-03-12T08:00:00.000Z,4.622,4.289,0,202603120800
2026-03-12T09:00:00.000Z,4.281,3.948,0,202603120900
2026-03-12T10:00:00.000Z,3.547,3.314,-0.1,202603121000
2026-03-12T11:00:00.000Z,2.8,2.567,-0.1,202603121100
2026-03-12T12:00:00.000Z,2.048,1.815,-0.1,202603121200
2026-03-12T13:00:00.000Z,1.346,1.213,-0.2,202603121300
2026-03-12T14:00:00.000Z,1.004,0.971,-0.3,202603121400
2026-03-12T15:00:00.000Z,1.029,1.096,-0.4,202603121500
2026-03-12T16:00:00.000Z,1.385,1.452,-0.4,202603121600
2026-03-12T17:00:00.000Z,1.81,1.977,-0.5,202603121700
2026-03-12T18:00:00.000Z,2.415,2.582,-0.5,202603121800
2026-03-12T19:00:00.000Z,3.014,3.081,-0.4,202603121900
2026-03-12T20:00:00.000Z,3.247,3.314,-0.4,202603122000
2026-03-12T21:00:00.000Z,3.237,3.204,-0.3,202603122100
2026-03-12T22:00:00.000Z,2.92,2.787,-0.2,202603122200
2026-03-12T23:00:00.000Z,2.349,2.216,-0.2,202603122300
2026-03-13T00:00:00.000Z,1.844,1.611,-0.1,202603130000
2026-03-13T01:00:00.000Z,1.315,1.082,-0.1,202603130100
2026-03-13T02:00:00.000Z,1.079,0.846,-0.1,202603130200
2026-03-13T03:00:00.000Z,1.257,1.024,-0.1,202603130300
2026-03-13T04:00:00.000Z,1.743,1.51,-0.1,202603130400
2026-03-13T05:00:00.000Z,2.327,2.194,-0.2,202603130500
2026-03-13T06:00:00.000Z,3.14,3.007,-0.2,202603130600
2026-03-13T07:00:00.000Z,3.898,3.765,-0.2,202603130700
2026-03-13T08:00:00.000Z,4.491,4.258,-0.1,202603130800
2026-03-13T09:00:00.000Z,4.585,4.352,-0.1,202603130900
2026-03-13T10:00:00.000Z,4.353,4.02,0,202603131000
2026-03-13T11:00:00.000Z,3.716,3.383,0,202603131100
2026-03-13T12:00:00.000Z,3.041,2.608,0.1,202603131200
2026-03-13T13:00:00.000Z,2.238,1.805,0.1,202603131300
2026-03-13T14:00:00.000Z,1.601,1.168,0.1,202603131400
2026-03-13T15:00:00.000Z,1.343,0.91,0.1,202603131500
2026-03-13T16:00:00.000Z,1.451,1.018,0.1,202603131600
2026-03-13T17:00:00.000Z,1.809,1.376,0.1,202603131700
2026-03-13T18:00:00.000Z,2.472,1.939,0.2,202603131800
2026-03-13T19:00:00.000Z,3.133,2.6,0.2,202603131900
2026-03-13T20:00:00.000Z,3.685,3.152,0.2,202603132000
2026-03-13T21:00:00.000Z,4.058,3.425,0.3,202603132100
2026-03-13T22:00:00.000Z,3.858,3.325,0.2,202603132200
2026-03-13T23:00:00.000Z,3.422,2.889,0.2,202603132300
2026-03-14T00:00:00.000Z,2.704,2.271,0.1,202603140000
2026-03-14T01:00:00.000Z,1.923,1.59,0,202603140100
2026-03-14T02:00:00.000Z,1.226,0.993,-0.1,202603140200
2026-03-14T03:00:00.000Z,0.863,0.73,-0.2,202603140300
2026-03-14T04:00:00.000Z,0.937,0.904,-0.3,202603140400
2026-03-14T05:00:00.000Z,1.339,1.406,-0.4,202603140500
2026-03-14T06:00:00.000Z,2.079,2.146,-0.4,202603140600
2026-03-14T07:00:00.000Z,2.873,3.04,-0.5,202603140700
2026-03-14T08:00:00.000Z,3.705,3.872,-0.5,202603140800
2026-03-14T09:00:00.000Z,4.247,4.414,-0.5,202603140900
2026-03-14T10:00:00.000Z,4.348,4.515,-0.5,202603141000
2026-03-14T11:00:00.000Z,3.979,4.146,-0.5,202603141100
2026-03-14T12:00:00.000Z,3.373,3.44,-0.4,202603141200
